Ontology ID,label,has curation status,alternative term,definition,definition source,example of usage,editor note,term editor,ontology term requester,term tracker item,logical type,parent class,material processing technique,detection technique,evaluant,analyte,device,output,input,input of,output of ,obejective,associated axioms
ID,a rdfs:label,AI has curation status,A alternative term,A definition SPLIT =|,A definition source SPLIT=|,A example of usage SPLIT =|,A editor note SPLIT =|,A term editor SPLIT =|,A ontology term requester,A term tracker item,CLASS_TYPE,C % SPLIT =|,C 'has part' some % SPLIT =|,C 'has part' some % SPLIT =|,C (has_specified_input some (% and 'has role' some 'evaluant role)) and (realizes some ('evaluant role' and ('role of' some %))) SPLIT=|,C (has_specified_input some %) and (realizes some ('analyte role' and ('inheres in' some%))),C (has_specified_input some %) and (realizes some (function and ('inheres in' some %))) SPLIT=|,C has_specified_output some %,C has_specified_input some %,C is_specified_input some %,C is_specified_output some %,C achieves_planned_objective some %,C %
KSC_M:000001,method,,,"A means, manner of procedure, or systematic course of actions that have to be performed in order to accomplish a particular goal.",Mihail Bota,,,,,,,,,,,,,,,,,,
KSC_M:000002,gray matter tissue preparation,,brain matter tissue preparation,Class of methods that are used to prepare the gray matter tissue of interest for application of other methods.,Mihail Bota,,,,,,,method,,,,,,,,,,,
KSC_M:000004,visualization method,,,"Class of methods that are used to make visible the objects of interest or physiological processes to the eye of the experimenter, unaided or using specific devices.",Mihail Bota,,,,,,,method,,,,,,,,,,,
KSC_M:000006,analysis method,,,"Class of methods that are used to process and interpret the data produced by measurements, as well as to infer patterns or regularities from data.",Mihail Bota,,,,,,,method,,,,,,,,,,,
KSC_M:000008,sterotaxic surgery,,,"Surgery performed according to the spatial (stereotactic) coordinates of the brain and spinal cord in a given species. These coordinates are calculated relative to a set of landmarks: bregma, lambda, and the interaural distance, and from a standard stereotaxic atlas.",Mihail Bota,,,,,,,surgery,,,,,,,,,,,
KSC_M:000009,basophilic stain method,,basophilic method,Class of histochemical methods where the dyes label the nucleic acids (RNA).,Mihail Bota,,,,,,,histochemical method,,,,,,,,,,,
KSC_M:0000010,nissl method,,nissl stain | nissl staining protocol,"Histochemical method for labeling neurons. Application of basophilic dyes, such as Cresyl violet, Thionin and Toluidin Blue, to the brain tissue labels the nuclei of cell bodies of neurons, and of glia. These dyes bind preferentially to the RNA present in the cell, and the cell nuclei will be most stained because of the high presence of this nucleic acid.",Mihail Bota,,,,,,,basophilic stain method,,,,,,,,,,,
KSC_M:0000011,hematoxilin and eosin method,,hematoxilin and eosin stain,"Histochemical method for labeling the neurons. Hematoxilin labels the cell bodies, and eosin the cytoplasm. It is the most common method used in clinical and research labs.",Mihail Bota,,,,,,,histochemical method,,,,,,,,,,,
KSC_M:0000012,luxol fast blue method,,luxol fast blue staining,Histochemical method that stains in bluish color the myelin around axons.,Mihail Bota,,,,,,,histochemical method,,,,,,,,,,,
KSC_M:0000013,golgi method,,black reaction | golgi staining protocol,"Classical cytochemical method used for neurons labeling. The method is based on the absorbtion of silver nitrates into the neurons, staining them entirely in deep brown to black. The stain is taken up by only maximum of 10% of the neurons in a labeled tissue.",Mihail Bota,,,,,,,cytochemical method,,,,,,,,,,,
KSC_M:0000014,golgi-cox method,,,"Variant of the Golgi method that uses mercury salts instead of silver. The labeling process takes 2 weeks, but the method is considered as the most reliable method from all Golgi techniques.",Mihail Bota,,,,,,,cytochemical method,,,,,,,,,,,
KSC_M:0000015,rapid golgi method,,,Modification of the Golgi method that is faster than Golgi-Cox method. In this method osmium is added to the silver precipitation.,Mihail Bota,,,,,,,cytochemical method,,,,,,,,,,,
KSC_M:0000016,golgi-kopsch method,,,Modification of the Golgi method where osmium that is used in rapid Golgi method is replaced by formaldehyde.,Mihail Bota,,,,,,,cytochemical method,,,,,,,,,,,
KSC_M:0000017,timm-danschle method,,,"Based on the property of the sulphide silver to reduce the metals present in trace amounts in cells to the corresponding metal sulphide and silver. The latter will form grains. The application of different types of chelating factors results in the bleaching of cells, or the opposite. It is suited for visualization at the light and electron microscope of synapses.",Mihail Bota,,,,,,,cytochemical method,,,,,,,,,,,
KSC_M:0000019,kluver-barrera,,,Extension of the Luxol Fast Blue method; the nuclei cell bodies are counterlabeled with cresyl violet or thionin.,Mihail Bota,,,,,,,histochemical method,,,,,,,,,,,
KSC_M:0000021,cytochemical method,,,Class of staining methods that label the component cells of a tissue of interest in detail.,Mihail Bota,,,,,,,staining method,,,,,,,,,,,
KSC_M:0000024,direct immunohistochemistry,,,Class of methods used to label peptides and proteins in tissues for interest using a single (primary) antibody.,Mihail Bota,,,,,,,immunohistochemistry,,,,,,,,,,,
KSC_M:0000025,indirect immunohistochemistry,,,"Class of methods used to label peptides and proteins in tissues of interest using a secondary antibody, which binds specifically to the primary, for signal amplification.",Mihail Bota,,,,,,,immunohistochemistry,,,,,,,,,,,
KSC_M:0000026,enzymatic histochemistry,,,"Class of methods that use enzymes of specific peptides and proteins. The result of interaction is labeled. Examples: Acetylcholinesterase, cytochrome oxidase.",Mihail Bota,,,,,,,immunohistochemistry,,,,,,,,,,,
KSC_M:0000027,immunohistochemistry for light microscopy,,,Class of immunohistochemical methods which have their byproducts visible with the light microscope.,Mihail Bota,,,,,,,immunohistochemistry,,,,,,,,,,,
KSC_M:0000028,avidin-biotinylated HRP complex method,,,"Immunohistochemical method that uses horseradish peroxidase (HRP) for visualization with the light microscope, and biotin conjugated with secondary antibodies.",Mihail Bota,,,,,,,immunohistochemistry for light microscopy,,,,,,,,,,,
KSC_M:0000029,peroxidase-antiperoxidase method,,,Immunohistochemical method that uses the peroxidase-antiperoxidase complex to recognize the secondary antibody. This conjugated complex interacts enzymatically with specific molecules (e.g. HRP and DAB) and the colored product can be visualized with light microscope.,Mihail Bota,,,,,,,immunohistochemistry,,,,,,,,,,,
KSC_M:0000030,immunohistochemistry for fluorescent microscopy,,,"Class of immunohistochemical methods for visualization with confocal microscope. These methods generally use two antibodies, and the fluorophore is conjugated with the second antibody.",Mihail Bota,,,,,,,immunohistochemistry,,,,,,,,,,,
KSC_M:0000031,single labeling fluoro-immunohistochemistry,,,"Immunohistochemical method that uses two antibodies to describe the localization of a single protein of interest, which can be visualized with the confocal microscope.",Mihail Bota,,,,,,,immunohistochemistry for fluorescent microscopy,,,,,,,,,,,
KSC_M:0000032,multiple labeling fluoro-immunohistochemistry,,,"Immunohistochemical methods that are used to describe the co-localization of multiple proteins of interest, which can be visualized with the confocal microscope. The primary antibodies should not cross-react with each other. The fluorophores need to have minimal overlapping excitation/emission spectra one relative to the other, and from the background.",Mihail Bota,,,,,,,immunohistochemistry for fluorescent microscopy,,,,,,,,,,,
KSC_M:0000033,double labeling fluoro-immunohistochemistry,,,"Immunohistochemical method that is used to describe the co-localization of two proteins of interest, which can be visualized with the confocal microscope. The primary antibodies should not cross-react with each other. The fluorophores need to have minimal overlapping excitation/emission spectra, one relative to the other as well as from that of the background. This method allows identification of four phenotypes of cells in the tissue of interest.",Mihail Bota,,,,,,,multiple labeling fluoro-immunohistochemistry,,,,,,,,,,,
KSC_M:0000034,triple labeling fluoro-immunohistochemistry,,,"Immunohistochemical method that is used to describe the co-localization of three proteins of interest, which can be visualized with the confocal microscope. The primary antibody should not cross-react. The fluorophores need to have minimal overlapping excitation/emission spectra one relative to the other, and from the background. This method allows identification of nine phenotypes of cells in the tissue of interest.",Mihail Bota,,,,,,,multiple labeling fluoro-immunohistochemistry,,,,,,,,,,,
KSC_M:0000035,lucifer yellow labeling,,lucifer yellow filling,"Cytochemical method that uses Lucifer Yellow for morphological characterization of cells. The labeling is performed by filling the cell with this fluorescent dye. It can be used in conjuction with electrophysiological experiments, and for study of gap juctions and glial cells. It is also used as in tract tracing experiments.",Mihail Bota,,,,,,,intracellular labeling method,,,,,,,,,,,
KSC_M:0000036,immunohistochemistry for electron microscopy,,,"Immunohistochemical method similar to that for light microscopy, which is used to identify the antigen distribution into cell organelles. However, the slices for EM are very thin, they need to be better fixated, and the tissue has to be embedded in resin.",Mihail Bota,,,,,,,immunohistochemistry,,,,,,,,,,,
KSC_M:0000038,biocytin labeling,,"biocytin filling, biocytin tracing","Cytochemical method that uses biocytin for morphological characterization of cells. The labeling process is performed iontophoretically. The main advantages of this method are: the small size of the molecule, the molecule is (highly0 water soluble and it can be combinec with fluorescent markers. Biocytin can also be used as an anterograde tract-tracing stain.",Mihail Bota,,,,,,,intracellular labeling method,,,,,,,,,,,
KSC_M:0000039,autoradiographic labeling,,,Class of tissue and nucleic acid labeling techniques that use radioactive isotopes as labels. The isotopes can be associated with ligands of the molecules of interest or included in them.,Mihail Bota,,,,,,,staining method,,,,,,,,,,,
KSC_M:0000040,radioligand binding assay,,,"Tissue labeling technique using radioactively-labeled ligands to receptors of interest. The ligands need to have high specifity, high value of the ratio between the specific binding and the nonspecific one, and a high specific activity.",Mihail Bota,,,,,,,autoradiographic labeling,,,,,,,,,,,
KSC_M:0000041,competition assay,,inhibition assay,Pharmacological method used to screen an array of drugs for their ability to bind to the receptor of interest.,Mihail Bota,,,,,,,nucleic acids and proteins measurement,,,,,,,,,,,
KSC_M:0000048,traditional PCR,,,"The original PCR method, where amplified PCR products are detected at the end of all cycles. The method can not provide quantitative measures, but semi-quantitative, as a ratio between the yielded signal vs. the known signal of known concentrations.",Mihail Bota,,,,,,,polymerase chain reaction,,,,,,,,,,,
KSC_M:0000050,real-time PCR with DNA-binding dyes,,,"Real time PCR method using fluorescent dyes, which intercalate within the double-strand DNA and emits fluorescence. Multiplication of the double-strands increase the fluorescence. The dyes are not DNA-sequence specific.",Mihail Bota,,,,,,,real-time polymerase chain reaction,,,,,,,,,,,
KSC_M:0000051,real-time PCR with fluorescent primers,,,"Real time PCR method using fluorophores directly attached to target specific primers Each time the primer is used to synthesize a new DNA strand, fluorescence intensity will increase.",Mihail Bota,,,,,,,real-time polymerase chain reaction,,,,,,,,,,,
KSC_M:0000052,real-time PCR with fluorescent probes,,,"A very sensitive qt-PCR that uses two target specific primers (forward and reverse), and a probe. Because the primers are specific, this qt-PCR method is also very specific.",Mihail Bota,,,,,,,real-time polymerase chain reaction,,,,,,,,,,,
KSC_M:0000053,quantitative reverse-transcription polymerase chain reaction,,,A very sensitive rt-PCR method used for detection and measurement of RNA and mRNA.,Mihail Bota,,,,,,,reverse transcription polymerase chain reaction,,,,,,,,,,,
KSC_M:0000054,one step quantitative reverse-transcription polymerase chain reaction,,,"Both reverse transcription and qPCR are performed in one step in a single tube that contains the RNA, the reverse transcriptase and the DNA polymerase, and the other reverse transcription and the qPCR reagents.",Mihail Bota,,,,,,,quantitative reverse-transcription polymerase chain reaction,,,,,,,,,,,
KSC_M:0000055,two steps quantitative reverse-transcription polymerase chain reaction,,,"qrt-PCR method that first creates the DNA (cDNA) from the provided RNA using a transcriptase. In the second step, 10%-20% of the produced cDNA is used as template for the qtPCR.",Mihail Bota,,,,,,,quantitative reverse-transcription polymerase chain reaction,,,,,,,,,,,
KSC_M:0000056,multiplex polymerase chain reaction,,,"PCR method that contains multiple primers, therefore it is used to detect and measure several genes simultaneously. It is used for gene coexpression in a single cell.",Mihail Bota,,,,,,,polymerase chain reaction,,,,,,,,,,,
KSC_M:0000057,reverse transcriptase multiple polymerase chain reaction,,reverse transcribed polymerase chain reaction,RT-PCR method for detection and measurement of several genes RNA.,Mihail Bota,,,,,,,real-time polymerase chain reaction,,,,,,,,,,,
KSC_M:0000061,patch-clamp cell attached mode,,,"Patch-clamp method where a small amount of suction is applied to the back of the pipette. This creates a very tight seal between pipette and membrane in such way that the ions will not flow between the membrane and the pipette. The single electric current will be that of a single opened ion channel in the patched membrane, and that will flow into the pipette. The resulting electrical current can be measured with an amplifier.",Mihail Bota,,,,,,,patch-clamp,,,,,,,,,,,
KSC_M:0000063,patch-clamp outside-out,,,Variant of the patch-clamp method where the pipette is retracted and the attached membrane is exposed to the extracellular environment. It is used to studie the influence of different extratracellular molecules on the ion channels dynamics.,Mihail Bota,,,,,,,patch-clamp,,,,,,,,,,,
KSC_M:0000064,patch-clamp perforated patch,,,"Variant of the patch-clamp method where the glass pipette is continuous with the cell, but instead of applying suction in the cell-attached mode to transition into the whole-cell mode, a chemical (often an antibiotic) is applied from within the glass pipette, causing small perforations in the membrane. It is an intermediate between the cell-attached mode and whole-cell mode.",Mihail Bota,,,,,,,patch-clamp,,,,,,,,,,,
KSC_M:0000065,patch clamp whole cell,,,"Variant of the patch-clamp method where the glass pippete is continuous with the cytoplasm of the recorded cell. Used to measure the potentials and currents of the whole cell, and to inject different substances directly into the interior of the cell.",Mihail Bota,,,,,,,patch-clamp,,,,,,,,,,,
KSC_M:0000068,reporter genes method,,,"Class of methods for visualization and measurement of gene expression patterns using non-endogenous genes that are encoding for enzymes or fluorescent proteins whose expressions are controlled by the promoters for the gene of interest (different than the reporter gene). These genes are either directly controlled by the promoters of the genes of interest, or the DNA sequence of the reporter is fused with the DNA for the gene of interest (piggy-back), and both will be under the control of the promoter.",Mihail Bota,,,,,,,nucleic acids and proteins measurement,,,,,,,,,,,
KSC_M:0000069,enyzme-linked immunosorbent assay,,,Biochemical assay where a specific antibody binds to a protein of interest to mark the presence and measure the quantity of the protein in a sample.,Mihail Bota,,,,,,,nucleic acids and proteins measurement,,,,,,,,,,,
KSC_M:0000072,chromatography,,,Class of purification methods applied to a wide range of biomolecules.,Mihail Bota,,,,,,,method,,,,,,,,,,,
KSC_M:0000073,gel filtration chromatography,,,Purification method where the molecules of interest are run through through a column and are separated by their size.,Mihail Bota,,,,,,,chromatography,,,,,,,,,,,
KSC_M:0000075,affinity chromatography,,,"Purification method where the molecules are run through a matrix. Small molecules are fixed to the porous matrix to bind to molecules that may have a high affinity, such as a substrate binding to an enzyme.",Mihail Bota,,,,,,,chromatography,,,,,,,,,,,
KSC_M:0000078,antibody interference,,,"Purification method where the antibody is bound to the protein, which will interfere with its function.",Mihail Bota,,,,,,,nucleic acids and proteins measurement,,,,,,,,,,,
KSC_M:0000080,matrix-assisted laser desorption ionization,,,"Technique used to bring the aminoacids sequence solution in gaseous state and charged. The sequence of interest is mixed with a UV-absorbing organic acid and dried on a metal slide. The sample is irradiated with a UV laser, causing the solution to go into the gas phase. The aminoacids sequence also becomes charged. This method precludes the mass spectometry technique.",Mihail Bota,,,,,,,nucleic acids and proteins measurement,,,,,,,,,,,
KSC_M:0000082,collision induced dissociation,,,"Technique used to fragment proteins that have the mass to charge ratio identical, by bombarding with atoms (e.g. argon, nitrogen). The resulting fragments are the run through mass spectometers. The proteins are then reconstituted by overlapping the fragments.",Mihail Bota,,,,,,,nucleic acids and proteins measurement,,,,,,,,,,,
KSC_M:0000083,kinase assay,,,"Technique used to determine whether a protein phosphorylates another protein (the substrate), by adding radioactive ATP. The radioactive phosphorus is transferred to the protein substrate, which is then immunoprecipitated. The purified phosphorylated protein is visualized using autoradiography.",Mihail Bota,,,,,,,nucleic acids and proteins measurement,,,,,,,,,,,
KSC_M:0000085,luciferase assay,,,"Technique used to determine whether a protein can activate or repress the expression of a target gene and the amount of the gene product, by fusing the luciferase DNA to the regulatory region of the target protein DNA. However, it cannot determine if the protein directly interacts with the DNA or indirectly affects transcription by activating or repressing an intermediary protein that controls the transcription.",Mihail Bota,,,,,,,nucleic acids and proteins measurement,,,,,,,,,,,
KSC_M:0000087,brightfield microscopy,,,"The most common and general form of light microscopy, using a simple or compound microscope. The visible light passes directly through or is reflected off a specimen.",Mihail Bota,,,,,,,light microscopy,,,,,,,,,,,
KSC_M:0000089,darkfield microscopy,,,"This method uses oblique illuminating rays of light directed from the side so that only scattered light enters the objective lens. The objects that are transparent will appear dark, while those that reflect light will be very bright. Used in neuroanatomy for visualization of fiber tracts in Nissl stained slides. Also called darkground microscopy. Also known as Nomarski method.",Mihail Bota,,,,,,,light microscopy,,,,,,,,,,,
KSC_M:0000099,infrared differential interference contrast microscopy,,,"Variant of the differentation interference contrast microscopy where the instead of light, infrared waves are used. This method is a combination of microscopy and spectrometry for infrared, which includes Fourier Transformation for transformation of IR into visible light.",Mihail Bota,,,,,,,visualization method,,,,,,,,,,,
KSC_M:00000102,voltage-sensitive dyes imaging,,,"Class of methods that use different molecules to visualize and measure variations of the electric potential in tissue, either in single cells or of cellular ensembles.",Mihail Bota,,,,,,,visualization method,,,,,,,,,,,
KSC_M:00000103,Fluorescent dyes imaging,,,"Class of voltage-sensitive dyes imaging methods where different synthetic fluorescent probes are used. They can be further subdivided in fast- and slow-sensitive methods, depending on whether they can detect fast vs slow electrical changes.",Mihail Bota,,,,,,,voltage-sensitive dyes imaging,,,,,,,,,,,
KSC_M:00000105,Permeable calcium-sensitive dyes imaging,,,Class of calcium voltage-sensitive dyes imagining methods that use fluorescent probes that can cross the membrane.,Mihail Bota,,,,,,,calcium-sensitive dyes imaging,,,,,,,,,,,
KSC_M:00000106,Multi-cell bolus loading,,,Method of labeling active neurons with membrane-permeant calcium-indicator fluorescent dyes. Used for monitorization of neuronal ensembles.,Mihail Bota,,,,,,,impermeable calcium-sensitive dyes imaging,,,,,,,,,,,
KSC_M:00000107,Impermeable calcium-sensitive dyes imaging,,,"Class of calcium-indicator fluorescent dyes imaging methods that use impermeable dyes, which are injected into neurons either through a recording electrode, or using electroporation.",Mihail Bota,,,,,,,calcium-sensitive dyes imaging,,,,,,,,,,,
KSC_M:00000109,Genetic encoders of calcium imaging,,,"Generic class of methods that use chimeric fluorescent proteins (opsins) that can be used to monitor variations of intracellular calcium concentrations. GECIs consist of a calcium-binding domain (calmodulin or troponin C), fused to one or two fluorescent proteins",Mihail Bota,,,,,,,optogenetics,,,,,,,,,,,
KSC_M:00000110,Single fluorescent protein genetic encoder of calcium imaging,,,"Optogenetic method that uses a single fluorescent protein to visualize intracellular calcium. Usually, the fluorescence sensitivity is increased when the fluorescent protein is split in two (circularly permutation) and its conformation is modulated by calcium bindingdependent changes in the chromophore environment.",Mihail Bota,,,,,,,genetic encoders of calcium imaging,,,,,,,,,,,
KSC_M:00000111,Two fluorescent proteins genetic encoder of calcium imaging,,,Optogenetic method that uses two variants of a fluorescent protein modified in such way that their spectral properties allow a specific resonance transfer energy (Forster FRET).,Mihail Bota,,,,,,,genetic encoders of calcium imaging,,,,,,,,,,,
KSC_M:00000112,acute gene transfer,,,Class of methods that use viruses for transfer of specific genes into the DNA of the cell of of interest.,Mihail Bota,,,,,,,method,,,,,,,,,,,
KSC_M:00000113,sampling method,,sampling,"Class of methods used to select few units that will provide the required estimates of a variable of interest for an entire population. Generally, sampling methods are statistic or non-statistic.",Mihail Bota,,,,,,,analysis method,,,,,,,,,,,
KSC_M:00000115,degeneration method,,,"Class of tract tracing methods that use lesions of myelinated fiber tracts to identify neuroanatomical connections. The lesions of the myelinated axons lead to their degeneration, which is visualized against the background of gray matter.",Mihail Bota,,,,,,,tract tracing,,,,,,,,,,,
KSC_M:00000116,wallerian degeneration,,,Tract tracing method where the course and terminations of fibers are identified by the anterograde degeneration of the myelin and of distal parts of the lesioned axons.,Mihail Bota,,,,,,,degeneration method,,,,,,,,,,,
KSC_M:00000117,marchi method,,,Anterograde degeneration tract tracing method where course and termination of neuroanatomical fibers are identified using osmic acid staining of the degenerated myelin.,Mihail Bota,,,,,,,degeneration method,,,,,,,,,,,
KSC_M:00000118,cell reaction method,,,Retrograde degeneration tract tracing method where the origin of neuroanatomical connections (axons proximal parts and cell bodies) is identified after lesioning the fiber tracts.,Mihail Bota,,,,,,,degeneration method,,,,,,,,,,,
KSC_M:00000119,nauta method,,,Tract tracing method where the neuroanatomical connections are identified by silver impregnation of the degenerating fibers.,Mihail Bota,,,,,,,degeneration method,,,,,,,,,,,
KSC_M:00000120,Nauta-Gygax method,,,"Variant of the original Nauta method. The impregnated degenerating axons appear black against the background of normal fibers. Also known as the suppresive Nauta-Gygax method, or NautaGygax enhanced silver tracing method.",Mihail Bota,,,,,,,anterograde tracing,,,,,,,,,,,
KSC_M:00000121,Glees method,,,Variant of the Nauta method used for identification of the silver stained degenerating axons terminations structures. Can be used in conjuction with electron microscopy.,Mihail Bota,,,,,,,anterograde tracing,,,,,,,,,,,
KSC_M:00000122,Fink-Heimer method,,,"Variant of the Nauta method that additionally uses potassium permanganate-uranyl nitrate sequence, which allows better visualization of degenerating axons, their terminations, and the terminal boutons (boutons terminaux).",Mihail Bota,,,,,,,anterograde tracing,,,,,,,,,,,
KSC_M:00000123,anterograde tracing,,,Class of tract tracing methods that label the axons and their terminations either by anterograde axonal transport or degeneration.,Mihail Bota,,,,,,,tract tracing,,,,,,,,,,,
KSC_M:00000124,retrograde tracing,,retrograde labeling,"Class of tract tracing methods that label the origins (cell bodies) of the neuroanatomical connections either by retrograde axonal transport, or by lesions.",Mihail Bota,,,,,,,tract tracing,,,,,,,,,,,
KSC_M:00000125,anterograde and retrograde tract tracing,,,Class of tract tracing methods that label both the axonal terminations and the cell bodies using both modes of axonal transport or lesions.,Mihail Bota,,,,,,,tract tracing,,,,,,,,,,,
KSC_M:00000126,tritiated amino acids tracing,,,"Anterograde tract tracing method using radioactive amino acids, which are delivered by pressure injection into the region of interest.",Mihail Bota,,,,,,,anterograde tracing,,,,,,,,,,,
KSC_M:00000127,horseradish peroxidase tracing,,HRP,"Both anterograde and retrograde tract tracing method that uses horseradish peroxidase as stain for axon terminals and neuronal cell bodies, respectively. However, HRP tracing is used mostly retrogradely. The HRP presence is detected using classical immunohistochemistry.",Mihail Bota,,,,,,,anterograde and retrograde tract tracing,,,,,,,,,,,
KSC_M:00000128,radioactive and non-radioactive HRP tracing,,,"Combination of the anterograde tritiated amino acids and of HRP tracing methods, used for visualization of axon colaterals. The radioactive HRP is enzymatically inactive, and the non-radioactive HRP is enzymatically active.",Mihail Bota,,,,,,,anterograde and retrograde tract tracing,,,,,,,,,,,
KSC_M:00000129,retrograde fluorescent tracing,,,"Class of tract tracing methods that use retrogradely transported fluorescent markers. Some of the most commonly used markers are Evans blue, Fast blue, Diamidino Yellow (DI), nuclear yellow, fluorogold (FG). These markers can be used as single tracers, in combinations (e.g., DI and FG), or with toxins-based tracers, and with anterograde tracers.",Mihail Bota,,,,,,,retrograde tracing,,,,,,,,,,,
KSC_M:00000130,wheat-germ agglutinin and horseradish peroxidase tracing,,WGA-HRP,"Combination of WGA and HRP as tract tracer, which can be used both anterogradely and retrogradely. ",Mihail Bota,,,,,,,anterograde and retrograde tract tracing,,,,,,,,,,,
KSC_M:00000131,cholera toxin tracing,,CTB,"Class of tracing methods that use bacterial toxins conjugated with HRP, fluorescein, or rhodamine beads. The most used bacterial toxis is non-toxic B fragment of cholera toxin (CTB). The detection is immunohistochemical, therefore this method is more sensitive than HRP. It can be used both anterogradely and retrogradely.",Mihail Bota,,,,,,,retrograde tracing,,,,,,,,,,,
KSC_M:00000132,micro- and nano-particles retrograde tracing,,,"Class of tracing methods that use small particles composed of a label-coated material, which can be employed alone, or conjugated with other tracers.",Mihail Bota,,,,,,,retrograde tracing,,,,,,,,,,,
KSC_M:00000133,rhodamine beads tracing,,,Retrograde tracing method that uses fluorescent rhodamine carrying latex beads,Mihail Bota,,,,,,,retrograde tracing,,,,,,,,,,,
KSC_M:00000134,gold particles coated with wheat-germ conjugated apoHRP,,WGAapoHRP,Retrograde tracing method that combines WGA-HRP with gold particles (10-20 nm). It can be viewed directly through a light microscope and used in EM.,Mihail Bota,,,,,,,retrograde tracing,,,,,,,,,,,
KSC_M:00000135,diOListic labeling,,diOListic,"Neurons labeling method with lipophilic carbocynine dyes that are injected into the cells of interest. These dyes label efficiently the neuron membranes, providing a more accurate view of dendrites and dendritic spines. It can be used in comination with retrograde tracers. ",Mihail Bota,,,,,,,intracellular labeling method,,,,,,,,,,,
KSC_M:00000136,retrograde tracing of diOListic neurons,,,"Combination of retrograde tracing methods with micorparticles or fluoorescent tracers (e.g., fluorogold) with the intracellular filling of neurons with lipophilic carbocyanine dyes.",Mihail Bota,,,,,,,retrograde tracing,,,,,,,,,,,
KSC_M:00000137,anterograde tluorescent tracing,,,"Class of tract tracing methods that use anterogradely transported fluorescent markers. Some of the most commonly used markers are biotinylated dextran amine (BDA), Phaseolus vulgaris leucoagglutinin (PHAL), Lucifer yellow-dextran, fluorescein-dextran, and Fluoro Ruby (tetramethylrhodamine-dextran), neurobiotin, and biocytin. One of the advantages of these markers vs the tritiated amino acids is that the course and terminations of labeled axons can be directly visualized.",Mihail Bota,,,,,,,anterograde tracing,,,,,,,,,,,
KSC_M:00000138,biotinylated dextran amine tracing,,BDA,"Anterograde tracing method using BDA as a marker. The 10kDA BDA is one of the best markers for anterograde tracing in different species, while the 3kDA BDA is used for cell filling, and for retrograde tracing.",Mihail Bota,,,,,,,anterograde tracing,,,,,,,,,,,
KSC_M:00000139,phaeolus vulgaris leucoagglutinin tracing,,PHAL,"Anterograde tracing method using PHAL as a marker, which is considered the ""gold standard"" (at least in small animals). PHA-L labels the axons only anterogradely when iontophoretic injections are employed, and there are very few cases of dendrites labeling when the marker was pressure-injected.",Mihail Bota,,,,,,,anterograde tracing,,,,,,,,,,,
KSC_M:00000140,coinjection tract tracing,,COIN,"Tracing method that involves the injection of two markers in the same injection site. Usually, one anterograde and one retrograde tracer are injected, for simultanerous detection of both inputs and outputs of regions of interest.",Mihail Bota,,,,,,,anterograde and retrograde tract tracing,,,,,,,,,,,
KSC_M:00000141,double coinjection tract tracing,,DCOIN,"Tracing method that involves injections of two pairs of stains, in two different regions. Each coinjection includes one anterograde and one retrograde tracer. This method is used for unraveling and visualization of networks in regions of interest.",Mihail Bota,,,,,,,anterograde and retrograde tract tracing,,,,,,,,,,,
KSC_M:00000142,transsynaptic tracing,,,Class of tracing methods that label connections across more than one node.,Mihail Bota,,,,,,,tract tracing,,,,,,,,,,,
KSC_M:00000143,degeneration transsynaptic tracing,,,Tracing methods based on lesions of tracts that induce degeneration of fibers beyond the first synaptic station (terminal field).,Mihail Bota,,,,,,,degeneration method | anterograde tracing | transsynaptic tracing,,,,,,,,,,,
KSC_M:00000144,viruses transsynaptic tracing,,,"Tracing methods that use viruses (e.g., PrV and Bartha) as markers, and which label connections beyond the first synaptic station. Viruses that allow transneuronal labeling include Herpes simplex (HSV1) and pseudoraies virus (PRV), and the CSV strain of the rabies virus.",Mihail Bota,,,,,,,anterograde and retrograde tract tracing | transsynaptic tracing,,,,,,,,,,,
KSC_M:00000145,double-virus translabeling neuron method,,,"Virus transsynaptic tracing method that uses two different viruses to characterize funcitonally related networks. Each virus is genetically modified in such a way that it expresses a specific antigen. The network infected by each virus is identified immunohistochemically, and the common nodes will be doubled labeled.",Mihail Bota,,,,,,,viruses transsynaptic tracing,,,,,,,,,,,
KSC_M:00000146,double recombinant viral transsynaptic tracing,,,"Virus transsynaptic tracing method that uses two strains of recombinant rabies virus (RV), each of them modified in such that it will express an unique marker in infected neurons. The RV propagates retrogradely, and if injected in two regions, the network infected by each strain will include the associated marker. The identification of each network is performed histochemically, and the common nodes will be double labeled.",Mihail Bota,,,,,,,viruses transsynaptic tracing,,,,,,,,,,,
KSC_M:00000147,golgi-like retrograde labeling using viruses,,,Cytochemical labeling methods that uses retrograde tracing with retrogradely-propagating viruses followed by the antibody-based detection of the infected neuron.,Mihail Bota,,,,,,,intracellular labeling method,,,,,,,,,,,
KSC_M:00000148,golgi-like retrograde labeling using rabies virus,,,"Golgi-like retrograde labeling method that uses the rabies virus to label a neuron, followed by a specific antibody-based detection of the infected neuron. This method has the advantage of not labeling fibers of passage.",Mihail Bota,,,,,,,golgi-like retrograde labeling using viruses,,,,,,,,,,,
KSC_M:00000149,golgi-like retrograde labeling using herpes virus,,,"Golgi-like retrograde labeling method that uses the herpes virus to label a neuron, followed by a specific antibody-based detection of the infected neuron.",Mihail Bota,,,,,,,golgi-like retrograde labeling using viruses,,,,,,,,,,,
KSC_M:00000150,single cell juxtacellular recording-labeling technique,,,"Combination of the intracellular filling method and extracellular electrophysiological method. The pipette is used both for iontophoretic filling of the cell of interest, and as an electrode for monitoring the electrophysiological activity of the neuron. The pipette should be in juxtaposition with the cells' membrane. It can be used for morphological recostruction and electrophysiological monitoring of micromodules made of adjacent neurons.",Mihail Bota,,,,,,,intracellular labeling method,,,,,,,,,,,
KSC_M:00000151,loose-patch-juxtacellular recording,,,Variant of the single cell juxtacellular recording-labeling technique.,Mihail Bota,,,,,,,intracellular labeling method,,,,,,,,,,,
KSC_M:00000152,bioimaging,,,General class of non-invasely techniques used to visualize structures inside the body.,Mihail Bota,,,,,,,visualization method,,,,,,,,,,,
KSC_M:00000154,diffusion magnetic resonance imaging,,dMRI,"MRI methods that uses strong magnetic fields to visualize the diffusion process of molecules, mainly water, in biological tissues, The diffusion of magnetically oriented water molecules is influenced by the presence of objects, which interact with the former. Thus, biological structures are visualized by the contrast with the signal given by the spin relaxation of water molecules.",Mihail Bota,,,,,,,magnetic resonance imaging,,,,,,,,,,,
KSC_M:00000155,diffusion weighted imaging,,diffusion weighted magnetic resonance imaging assay | DWI,"dMRI method that calculates the diffusion rate of water in a location of interest, which is then translated in voxel intensity. Best applied to isotropic volumes, such as the gray matter.",Mihail Bota,,,,,,,diffusion magnetic resonance imaging,,,,,,,,,,,
KSC_M:00000156,diffusion tensor imaging,,diffusion tensor imaging assay | DTI,"dMRI method that is used to visualize anisotropic volumes, such as myelinated fiber tracts. The water molecules align with the tracts, i.e., the diffusion along the fibers is higher than across them. Variants and refinements include the generalized diffusion imaging, and the q-space imaging.",Mihail Bota,,,,,,,diffusion magnetic resonance imaging,,,,,,,,,,,
KSC_M:00000157,metals tracing,,,Tract tracing method based on the transport of metals along axons. Examples include cobalt- nickel- and magnesium-tracing.,Mihail Bota,,,,,,,anterograde and retrograde tract tracing,,,,,,,,,,,
KSC_M:00000158,array tomography,,,"Method used to visualize tens of proteins and peptides in a reconstructed 3D tissue part, together with electron microscopy. A part of interest is fixated in resin, cut in ultrathin slices that are deposited on a single slide, and simultaneously labeled with fluorescently labeled antibodies. The images of all labeled slices are stacked by a fluorescent microscope. After this, the slide can be eluted, and labeled with a different fluorescent antibody.  Finally, after the immunofluorescent analysis, the slices can be imaged by backscatter electron microscopy, and the resulting images are registered with the immunofluorescence images.",Mihail Bota,,,,,,,nucleic acids and proteins measurement,,,,,,,,,,,
KSC_M:00000159,nucleic acids transfection in xenopus oocytes,,,This method is used for functional characterization of proteins in a controlled environment. The expression of genes of interest is realized by their DNA or RNA microinjection into oocytes. This method is widely used for characterization of ion channels.,Mihail Bota,,,,,,,nucleic acids and proteins measurement,,,,,,,,,,,
KSC_M:00000160,single cell multiplex RT-PCR,,,"Multiplex RT-PCR method applied to an individual neuron, which allows identification and semiquantitative measurement of large sets of expressed proteins and peptides mRNAs. It can be combined with whole-cell patch clamp, and with intracellular filling with dyes.",Mihail Bota,,,,,,,multiplex polymerase chain reaction,,,,,,,,,,,
KSC_M:00000161,anatomical part removal,,,A surgery method that separates physically (extracts) an organ or a structural part from the body.,Mihail Bota,,,,,,,surgery,,,,,,,,,,,
KSC_M:00000164,tissue cutting,,,Removal of a part of an organ.,Mihail Bota,,,,,,,anatomical part removal,,,,,,,,,,,
KSC_M:00000167,transversal slicing,,coronoal slicing | frontal slicing | transversal cutting,Removal of a part of the gray matter along the vertical plane of the brain and spinal cord. The result is a set of slices transversal on the longitudinal plane. Also known as frontal or coronal sectioning.,Mihail Bota,,,,,,,tissue slicing,,,,,,,,,,,
KSC_M:00000168,longitudinal slicing,,horizontal cutting | horizontal slicing,Removal of a part of the gray matter along the horizontal plane of the brain and spinal cord. The result is a set of slices transversal on the vertical or coronal plane. Also known as horizontal sectioning or cutting.,Mihail Bota,,,,,,,tissue slicing,,,,,,,,,,,
KSC_M:00000169,sagittal slicing,,,"Removal of a part of the gray matter across the horizontal plane of the brain and spinal cord, lateral to medial.",Mihail Bota,,,,,,,tissue slicing,,,,,,,,,,,
KSC_M:00000170,oblique slicing,,,Removal of a part of the gray matter in a plane oblique to any of the three standard ones.,Mihail Bota,,,,,,,tissue slicing,,,,,,,,,,,
KSC_M:00000171,acute slicing,,acute slice,"Cutting method specific to electrophysiological measurements and experiments where the fresh brain is kept and cut in a ""protective"" solution of artificial cerebrospinal fluid.",Mihail Bota,,,,,,,tissue slicing,,,,,,,,,,,
KSC_M:00000172,slice mounting,,,"Method used for observation, measurement and long term preservation of brain and spinal cord slices where they are put on a support medium (glass slides or film) and covered by a transparent medium (coverslip).",Mihail Bota,,,,,,,gray matter tissue preparation,,,,,,,,,,,
KSC_M:00000176,design based stereology,,design-based stereology,Class of stereological methods that are independent of geometrical features and spatial distributions of objects. Design based stereological methods are created a priori of the measured objects and their properties.,Mihail Bota,,,,,,,stereology,,,,,,,,,,,
KSC_M:00000177,model based stereology,,model-based stereology,"Class of stereological methods based on models partially made on a priori knowledge, and partially based on relationships and rules inferred from previous measurements. These methods are likely to hide biased errors.",Mihail Bota,,,,,,,stereology,,,,,,,,,,,
KSC_M:00000178,oblique sectioning,,,Removal of a part of the gray matter across a lane of the brain and spinal cord that makes a nonzero angle with any of the three standard (stereotaxic) planes of cutting.,Mihail Bota,,,,,,,model based stereology,,,,,,,,,,,
KSC_M:00000179,Abercrombie method,,,Model based stereology method that is used to calculate the average number of cells (points) in a section as the ratio of the product between the number of counted cells and thickness of cells and the sum of the length of cell (in micrometers) and the thickness of a cell.,Mihail Bota,,,,,,,model based stereology,,,,,,,,,,,
KSC_M:00000180,Dellese principle,,,Model based stereology method where the percentage of the volume of the substance is equal with the percentage of area occupied by the substance in plane sections for a homogeneous object.,Mihail Bota,,,,,,,model based stereology,,,,,,,,,,,
KSC_M:00000181,linear analysis,,,"Model based stereology method where a grid of equally-spaced parallel lines is superimposed on the plane section. The fraction of total length of these grid lines which lie above the phase of interest, is then an approximation to the area fraction.",Mihail Bota,,,,,,,model based stereology,,,,,,,,,,,
KSC_M:00000182,Glagolev-Thomson point-counting method,,,Model based stereology method where a grid of equally spaced points is superimposed over the section; the number of points that cover the region of interest is an approximation of its area.,Mihail Bota,,,,,,,model based stereology,,,,,,,,,,,
KSC_M:00000183,gray level index method,,GLI,"Design based stereology method proposed by Ziller to approximate the boundaries of a region, based on the gray level index coefficient. It can be addapted to other kinds of tissue classical staining methods.",Mihail Bota,,,,,,,design based stereology,,,,,,,,,,,
KSC_M:00000184,Cavallieri principle,,,Method of volumes approximation. The volume of any object (brain region of interest) can be estimated without bias from the profile areas of the cut sections of the BROI. The cuts through the BROI have to systematically-random sampled. The volume is approximated as the product of the BROI's sum of the profile areas on all sections with the distance between the sections.,Mihail Bota,,,,,,,design based stereology,,,,,,,,,,,
KSC_M:00000185,unbiased virtual counting spaces,,,"Design-based stereological method used to count neurons in a given volume of tissue using the unbiased virtual counting spaces (optical disector, counting box), consisting of the virtual space within the section thickness and an unbiased counting frame.",Mihail Bota,,,,,,,design based stereology,,,,,,,,,,,
KSC_M:00000186,physical disector method,,,"Design-based stereological method used to count neurons in a given volume of tissue using a disector, and based on the analysis of two focal planes within a thick section (the thickness is taken into account, hence the section is 3D), or of two thin (the thickness of sections is negligible, hence the section is 2D] adjacent sections.",Mihail Bota,,,,,,,design based stereology,,,,,,,,,,,
KSC_M:00000187,fractionator method,,,Design-based stereological method used to count neurons in a brain region of interest where the total number of neurons is product of the number of neurons counted within all unbiased virtual counting spaces with the reciprocal value of the sampling probability.,Mihail Bota,,,,,,,design based stereology,,,,,,,,,,,
KSC_M:00000188,nuclear method,,,Design-based stereological method used to estimate mean nuclear volumes of neurons. The midpoint of the nucleolus is selected as sampling unit. The distance from the midpoint of the nucleolus to the nuclear boundary is measured in four mutually orthogonal directions. From the average of the third powers of these measurements an unbiased estimate of the nuclear volume can be obtained. (Gunderson 1988).,Mihail Bota,,,,,,,design based stereology,,,,,,,,,,,
KSC_M:00000189,rotator method,,,Design-based stereological method used to estimate mean nuclear volumes of neurons where the midpoint of the nucleolus is selected as sampling unit.,Mihail Bota,,,,,,,design based stereology,,,,,,,,,,,
KSC_M:00000190,point sampled intercepts method,,,"Design-based stereological method used to estimate mean nuclear volumes of neurons. In this method, all nuclei of neurons that are found in a focal plane are considered. A set of parallel lines is randomly drawn in the focal plane, and the volume a nucleolus is estimated from the lenghts of the intercept of the test line between its nuclear boundaries. [Gunderson, 1988]",Mihail Bota,,,,,,,design based stereology,,,,,,,,,,,
KSC_M:00000191,Fakir probes,,,"Design-based stereological method used for evaluation of surface areas, which is based on counting intersections between the surface and a spatial grid consisting of systematic probes of parallel test lines.",Mihail Bota,,,,,,,design based stereology,,,,,,,,,,,
KSC_M:00000192,isotropic Fakir probes,,,"Design-based stereological method used for evaluation of surface areas of thick sections (the thickness of the section is non-negligible, therefore the section is a 3D object]. A set of orthogonal triplets of perpendicular test lines are systematically and randomly placed within thick sections containing the surface of interest. The intersections between the surface and the test lines are counted, and the surface area is calculated from the total number of intersections.",Mihail Bota,,,,,,,design based stereology,,,,,,,,,,,
KSC_M:00000193,Space Balls method,,,Design-based stereological method used for evaluation of the length of fibers. Spheres of hemispheres are systematically and randomly placed in the brain region of interest. The average density of the linear structure (fiber) is obtained from the total number of intersections between the spheres and the fiber. The length of the fiber is estimated as the product between the length density and the estimated volume of the brain region of interest.,Mihail Bota,,,,,,,design based stereology,,,,,,,,,,,
KSC_M:00000194,isotropic virtual planes,,,"Design-based stereological method used for evaluation of the length of fibers in thick samples (the thickness is non-negligible, hence the object is 3D). The length of the fiber is evaluated using software-randomized isotropic virtual planes in volume probes, in systematically sampled microscope fields.",Mihail Bota,,,,,,,design based stereology,,,,,,,,,,,
KSC_M:00000195,proportionator method,,,"Design-based stereological method used for evaluation of the number of neurons in a given tissue that is similar to the fractionator method, but the sampling procedure is dependent of the neurons sizes.",Mihail Bota,,,,,,,design based stereology,,,,,,,,,,,
KSC_M:00000196,nearest neighbor analysis,,,Design-based stereological method used for evaluation of the cytoarchitecture of a brain region of interest. The method is similar to the nearest-neighbor distance distribution function analysis. This method requires thick sections.,Mihail Bota,,,,,,,design based stereology,,,,,,,,,,,
KSC_M:00000197,Voronoi tesselation,,,"Design-based stereological method used for evaluation of the cytoarchitecture of a brain region of interest. The method first computes the vicinity of a neuron, i.e., a polygon around the neuron, the Voronoi or Dirichlet polygon. This is repeated for each neuron in such way that each of them is included in a polygon, or tile (tesselation), or cell.",Mihail Bota,,,,,,,design based stereology,,,,,,,,,,,
KSC_M:00000198,voltage clamp technique,,VC,"Class of intracellular electrophysiological techniques where the trans-membrane difference of potential (voltage) is kept constant, and the ion currents are measured.",Mihail Bota,,,,,,,intracellular recording,,,,,,,,,,,
KSC_M:00000199,two-electrode voltage clamp technique,,TEVC,"Voltage clamp method that uses two intracellular electrodes instead of one, and is preferred for measuring high currents and for larger cells such as oocytes.",Mihail Bota,,,,,,,voltage clamp technique,,,,,,,,,,,
KSC_M:00000200,dual cell voltage clamp technique,,DCVC,Variation of the two-electrode voltage clamp method specifically designed to study kinetics and conductance of gap junctions.,Mihail Bota,,,,,,,voltage clamp technique,,,,,,,,,,,
KSC_M:00000201,single electrode voltage clamp technique,,SEVC,"Class of voltage clamp methods where a single intracellular electrod is used for both clamping the cell and for measurement. Used for small cells, or cells that are difficult to get to. Also used for study of plants cells.",Mihail Bota,,,,,,,voltage clamp technique,,,,,,,,,,,
KSC_M:00000202,continuous single electrode voltage clamp method,,cSEVC,Single electrode voltage clamp method where both measurement and clamping are performed in the same time.,Mihail Bota,,,,,,,single electrode voltage clamp technique,,,,,,,,,,,
KSC_M:00000203,discontinuous single electrode voltage clamp method,,dSEVC,Single electrode voltage clamp method where the sharp electrode is rapid switched between the measurement mode and the clamping mode. The cell membrane needs to be enzymatically removed.,Mihail Bota,,,,,,,single electrode voltage clamp technique,,,,,,,,,,,
KSC_M:00000204,current clamp technique,,,Intracellular electrophysiological technique where the current is kept fixed by the experimenter and the voltage is measured.,Mihail Bota,,,,,,,intracellular recording,,,,,,,,,,,
KSC_M:00000205,amperometry,,,"Extracellular method used for detection of ions in an aqueous solution, based on electric current or changes in electric current. Also known as pulsed amperometric detection.",Mihail Bota,,,,,,,extracellular recording,,,,,,,,,,,
KSC_M:00000206,single potential amperometry,,,Amperometry method where a direct current is applied into the solution. It is used to detect small currents provided by weak ions. Also known as chronoamperometry.,Mihail Bota,,,,,,,amperometry,,,,,,,,,,,
KSC_M:00000207,pulsed amperometry,,PAD,"Amperometry method where a working voltage is applied for a short period of time, followed by different potentials designed to clean the electrodes.",Mihail Bota,,,,,,,amperometry,,,,,,,,,,,
KSC_M:00000208,voltammetry,,,Extracellular electrophysiological method designed to measure currents when a continuous or variable differential of potential is applied. A small and linearly varying potential is applied between a microelectrode and the medium and the resulting current-potential curve (voltammogram) is recorded. The voltammogram is characteristic of the nature and concentration of electro-oxidizable or reducible materials close to the electrode surface. The cycle can be repetead for smaller or higher values of the applied voltage.,Mihail Bota,,,,,,,extracellular recording,,,,,,,,,,,
KSC_M:00000209,electroencephalography,,EEG,Electrophysiological method designed to measure the electrical activity of the brain at the level of the scalp.,Mihail Bota,,,,,,,extracellular recording,,,,,,,,,,,
KSC_M:00000210,electrocortigraphy,,ECoG,"Also known as intracranial EEG (iEEG), it is an invasive electrophysiological method designed to measure electrical activity at the level of the surface of cortex. The electrodes are placed directly onto the surface of the cerebral cortex.",Mihail Bota,,,,,,,extracellular recording,,,,,,,,,,,
KSC_M:00000211,simple random sampling,,,Sampling statistical method where all any member of the population is considered to have the same probability of selection. The selection of units is performed by using previously defined randomization procedures.,Mihail Bota,,,,,,,sampling method,,,,,,,,,,,
KSC_M:00000212,stratified random sampling,,,"Sampling statistical method where the units of the population are distributed over a number of non-overlaping ""strata' (the population is partitioned). The members of the population will have the values of the variable used for partitioning much closer one to the other than any unit from a different stratum. The sampling procedure is applied to each stratum. Two most commonly used criteria to divide a population in strata are the spatial location, and sizes of units.",Mihail Bota,,,,,,,sampling method,,,,,,,,,,,
KSC_M:00000213,systematic sampling,,,"Sampling method that is based on ordering of the population according to a sampling frame. The method usually employs the equi-probability approach where process of choosing the sample units is circular. First, an element is sampled at random, and from here each unit that is a specific distance from the previous (the skip) will be sampled. When this process gets to the end of the list, it restarts from the beginning. This method is applied when the population is logically homogeneous, and only when the population does not has any hidden pattern.",Mihail Bota,,,,,,,sampling method,,,,,,,,,,,
KSC_M:00000214,cluster sampling,,,Sampling method where the units are grouped together according to some criteria (clusters) are randomly sampled together and then all measured.,Mihail Bota,,,,,,,sampling method,,,,,,,,,,,
KSC_M:00000215,multistage sampling,,,"Sampling method where the units are hierarchically organized, and the units are randomly sampled at each level.",Mihail Bota,,,,,,,sampling method,,,,,,,,,,,
KSC_M:00000216,unequal probability sampling,,,Sampling method where the probability of a unit being sampled is a function of the characteristics of that unit.,Mihail Bota,,,,,,,sampling method,,,,,,,,,,,
KSC_M:00000217,adaptive cluster sampling,,,"Sampling method that is similar with cluster sampling, but the sizes (the number of units) of clusters and their number is unknown. In this method, a prior value C is established. If a given unit is higher or equal than C, then the units in its neighborhood are sampled.",Mihail Bota,,,,,,,sampling method,,,,,,,,,,,
KSC_M:00000218,line transect sampling,,,"Sampling method that is used for objects that are difficult to observe, or are rare. In this method, the observer moves along a line acroos the considered area looking at the right and left and noting each occurence of a given object. Line transects are walked, flown, or traversed, and the perpendicular distances to all detected objects of interest are recorded. Also known as distance sampling.",Mihail Bota,,,,,,,sampling method,,,,,,,,,,,
KSC_M:00000219,composite sampling,,,"Sampling methods designed for extracting subsamples from initial samples. First, the sampled units are grouped in composite units, and these will be further sampled.",Mihail Bota,,,,,,,sampling method,,,,,,,,,,,
KSC_M:00000220,clarity method,,,"Neuronal tissue vizualization method where the lipids from the membranes of neurons are eliminated through polymerization and electrophoresis. After this procedure is applied the tissue become translucid, and it can be investigated with sheet microscopy. The tissue preserves the initial form.",Mihail Bota,,,,,,,visualization method,,,,,,,,,,,
KSC_M:00000221,infusion,,,Class of methods of administration of substances into the body. Also known as route of administration (medicine).,Mihail Bota,,,,,,,method,,,,,,,,,,,
KSC_M:00000222,injection,,,"Class of infusion methods that use specific devices for administration of substances directly into the body. These devices (syringes with hollow needles, or pipettes) penetrate the skin of the body, and the substance is delivered mechanically, or using electric currents for micropipettes. Injections can be subdivided by the specific part of the body where the substance needs to be administrated, by the specific device of delivery, and by the mechanism of delivery.",Mihail Bota,,,,,,,infusion,,,,,,,,,,,
KSC_M:00000223,pressure injection,,,Injection method where a substance is delivered mechanically via a syringe or a pipette into the tissue of interest.,Mihail Bota,,,,,,,injection,,,,,,,,,,,
KSC_M:00000224,iontophoretic injection,,,Injection method where a substance is delivered in the tissue of interest by applying a small and temporary electrical current to the solution in the pipette.,Mihail Bota,,,,,,,injection,,,,,,,,,,,
KSC_M:00000225,nucleic acids and proteins measurement,,,Class of methods used for identification and measurement of nucleic acids and their products.,Mihail Bota,,,,,,,method,,,,,,,,,,,
KSC_M:00000226,Fast Blue tracing,,,Retrograde fluorescent tract tracing method.,Mihail Bota,,,,,,,retrograde fluorescent tracing,,,,,,,,,,,
KSC_M:00000227,Evans Blue tracing,,,Retrograde fluorescent tract tracing method.,Mihail Bota,,,,,,,retrograde fluorescent tracing,,,,,,,,,,,
KSC_M:00000228,Diamidino Yellow tracing,,,Retrograde fluorescent tract tracing method.,Mihail Bota,,,,,,,retrograde fluorescent tracing,,,,,,,,,,,
KSC_M:00000229,Fluorogold tracing,,,Retrograde fluorescent tract tracing method.,Mihail Bota,,,,,,,retrograde fluorescent tracing,,,,,,,,,,,